DerivativesonIndividualSecurities,Symbol,Jan-24,Feb-24,Mar-24
AARTIINDUSTRIESLTD,AARTIIND,1000,1000,1000
ABBINDIALIMITED,ABB,125,125,125
ABBOTTINDIALIMITED,ABBOTINDIA,40,40,40
ADITYABIRLACAPITALLTD.,ABCAPITAL,5400,5400,5400
ADITYABIRLAFASHION&RT,ABFRL,2600,2600,2600
ACCLIMITED,ACC,300,300,300
ADANIENTERPRISESLIMITED,ADANIENT,300,300,300
ADANIPORT&SEZLTD,ADANIPORTS,800,800,800
ALKEMLABORATORIESLTD.,ALKEM,200,200,200
APOLLOHOSPITALSENTER.L,APOLLOHOSP,125,125,125
APOLLOTYRESLTD,APOLLOTYRE,1700,1700,1700
ASTRALLIMITED,ASTRAL,367,367,367
AXISBANKLIMITED,AXISBANK,625,625,625
BAJAJAUTOLIMITED,BAJAJ-AUTO,125,125,125
BAJAJFINANCELIMITED,BAJFINANCE,125,125,125
BALKRISHNAIND.LTD,BALKRISIND,300,300,300
BALRAMPURCHINIMILLSLTD,BALRAMCHIN,1600,1600,1600
BANDHANBANKLIMITED,BANDHANBNK,2500,2500,2500
BANKOFBARODA,BANKBARODA,2925,2925,2925
BHARATELECTRONICSLTD,BEL,5700,5700,5700
BHARATFORGELTD,BHARATFORG,500,500,500
BOSCHLIMITED,BOSCHLTD,50,50,50
BIRLASOFTLIMITED,BSOFT,1000,1000,1000
CANARABANK,CANBK,2700,2700,2700
CANFINHOMESLTD,CANFINHOME,975,975,975
CHAMBALFERTILIZERSLTD,CHAMBLFERT,1900,1900,1900
CHOLAMANDALAMIN&FINCO,CHOLAFIN,625,625,625
CIPLALTD,CIPLA,650,650,650
COFORGELIMITED,COFORGE,150,150,150
COLGATEPALMOLIVELTD.,COLPAL,350,350,350
CROMPTGREACONELECLTD,CROMPTON,1800,1800,1800
CITYUNIONBANKLTD,CUB,5000,5000,5000
DABURINDIALTD,DABUR,1250,1250,1250
DALMIABHARATLIMITED,DALBHARAT,250,250,250
DEEPAKNITRITELTD,DEEPAKNTR,300,300,300
DELTACORPLIMITED,DELTACORP,3000,3000,
DLFLIMITED,DLF,1650,1650,1650
EXIDEINDUSTRIESLTD,EXIDEIND,3600,3600,3600
FEDERALBANKLTD,FEDERALBNK,5000,5000,5000
GAIL(INDIA)LTD,GAIL,4575,4575,4575
GLENMARKPHARMACEUTICALS,GLENMARK,725,725,725
GMRAIRPORTSINFRALTD,GMRINFRA,11250,11250,11250
GUJNARVALFER&CHEML,GNFC,1300,1300,1300
GODREJCONSUMERPRODUCTS,GODREJCP,500,500,500
GODREJPROPERTIESLTD,GODREJPROP,475,475,475
GRASIMINDUSTRIESLTD,GRASIM,475,475,475
HCLTECHNOLOGIESLTD,HCLTECH,700,700,700
AMBUJACEMENTSLTD,AMBUJACEM,1800,1800,1800
HDFCBANKLTD,HDFCBANK,550,550,550
HDFCLIFEINSCOLTD,HDFCLIFE,1100,1100,1100
ICICIPRULIFEINSCOLTD,ICICIPRULI,1500,1500,1500
IDFCLIMITED,IDFC,5000,5000,5000
IDFCFIRSTBANKLIMITED,IDFCFIRSTB,7500,7500,7500
INDIANENERGYEXCLTD,IEX,3750,3750,3750
ASHOKLEYLANDLTD,ASHOKLEY,5000,5000,5000
ASIANPAINTSLIMITED,ASIANPAINT,200,200,200
INDRAPRASTHAGASLTD,IGL,1375,1375,1375
INDIAMARTINTERMESHLTD,INDIAMART,300,300,300
INTERGLOBEAVIATIONLTD,INDIGO,300,300,300
INDUSINDBANKLIMITED,INDUSINDBK,500,500,500
BAJAJFINSERVLTD.,BAJAJFINSV,500,500,500
INDUSTOWERSLIMITED,INDUSTOWER,3400,3400,3400
INFOSYSLIMITED,INFY,400,400,400
BHARATPETROLEUMCORPLT,BPCL,1800,1800,1800
INDIANOILCORPLTD,IOC,9750,9750,9750
INDIANRAILTOURCORPLTD,IRCTC,875,875,875
JINDALSTEEL&POWERLTD,JINDALSTEL,1250,1250,1250
KOTAKMAHINDRABANKLTD,KOTAKBANK,400,400,400
BIOCONLIMITED.,BIOCON,2500,2500,2500
L&TFINANCEHOLDINGSLTD,L&TFH,4462,4462,4462
BRITANNIAINDUSTRIESLTD,BRITANNIA,200,200,200
DR.LALPATHLABSLTD.,LALPATHLAB,300,300,300
LAURUSLABSLIMITED,LAURUSLABS,1700,1700,1700
LARSEN&TOUBROLTD.,LT,300,300,300
L&TTECHNOLOGYSER.LTD.,LTTS,200,200,200
LUPINLIMITED,LUPIN,850,850,850
MAHINDRA&MAHINDRALTD,M&M,350,350,350
M&MFIN.SERVICESLTD,M&MFIN,2000,2000,2000
MANAPPURAMFINANCELTD,MANAPPURAM,6000,6000,6000
COROMANDELINTERNTL.LTD,COROMANDEL,700,700,700
MARICOLIMITED,MARICO,1200,1200,1200
MARUTISUZUKIINDIALTD.,MARUTI,50,50,50
UNITEDSPIRITSLIMITED,MCDOWELL-N,700,700,700
CUMMINSINDIALTD,CUMMINSIND,300,300,300
METROPOLISHEALTHCARELTD,METROPOLIS,400,400,400
MAXFINANCIALSERVLTD,MFSL,800,800,800
SAMVRDHNAMTHRSNINTLLTD,MOTHERSON,7100,7100,7100
MPHASISLIMITED,MPHASIS,275,275,275
MRFLTD,MRF,5,5,5
DIXONTECHNO(INDIA)LTD,DIXON,100,100,100
MUTHOOTFINANCELIMITED,MUTHOOTFIN,550,550,550
NATIONALALUMINIUMCOLTD,NATIONALUM,7500,7500,7500
INFOEDGE(I)LTD,NAUKRI,150,150,150
EICHERMOTORSLTD,EICHERMOT,175,175,175
NESTLEINDIALIMITED,NESTLEIND,40,40,40
NMDCLTD.,NMDC,4500,4500,4500
NTPCLTD,NTPC,3000,3000,3000
OBEROIREALTYLIMITED,OBEROIRLTY,700,700,700
ORACLEFINSERVSOFTLTD.,OFSS,200,200,200
PAGEINDUSTRIESLTD,PAGEIND,15,15,15
PIRAMALENTERPRISESLTD,PEL,750,750,750
PERSISTENTSYSTEMSLTD,PERSISTENT,100,100,100
POWERFINCORPLTD.,PFC,3875,3875,3875
PIDILITEINDUSTRIESLTD,PIDILITIND,250,250,250
PUNJABNATIONALBANK,PNB,8000,8000,8000
POLYCABINDIALIMITED,POLYCAB,100,100,100
COALINDIALTD,COALINDIA,2100,2100,2100
PVRINOXLIMITED,PVRINOX,407,407,407
THERAMCOCEMENTSLIMITED,RAMCOCEM,850,850,850
RBLBANKLIMITED,RBLBANK,2500,2500,2500
RECLIMITED,RECLTD,2000,2000,2000
RELIANCEINDUSTRIESLTD,RELIANCE,250,250,250
STEELAUTHORITYOFINDIA,SAIL,8000,8000,8000
SBICARDS&PAYSERLTD,SBICARD,800,800,800
SBILIFEINSURANCECOLTD,SBILIFE,750,750,750
STATEBANKOFINDIA,SBIN,1500,1500,1500
SHRIRAMFINANCELIMITED,SHRIRAMFIN,300,300,300
CONTAINERCORPOFINDLTD,CONCOR,1000,1000,1000
SIEMENSLTD,SIEMENS,150,150,150
SRFLTD,SRF,375,375,375
SUNPHARMACEUTICALINDL,SUNPHARMA,700,700,700
SUNTVNETWORKLIMITED,SUNTV,1500,1500,1500
TATACHEMICALSLTD,TATACHEM,550,550,550
TATACOMMUNICATIONSLTD,TATACOMM,500,500,500
TATACONSUMERPRODUCTLTD,TATACONSUM,900,900,900
TATAMOTORSLIMITED,TATAMOTORS,1425,1425,1425
TATAPOWERCOLTD,TATAPOWER,3375,3375,3375
TATACONSULTANCYSERVLT,TCS,175,175,175
TITANCOMPANYLIMITED,TITAN,175,175,175
GRANULESINDIALIMITED,GRANULES,2000,2000,2000
TORRENTPHARMACEUTICALSL,TORNTPHARM,500,500,500
GUJARATGASLIMITED,GUJGASLTD,1250,1250,1250
TRENTLTD,TRENT,400,400,400
TVSMOTORCOMPANYLTD,TVSMOTOR,350,350,350
UNITEDBREWERIESLTD,UBL,400,400,400
HINDUSTANCOPPERLTD,HINDCOPPER,5300,5300,5300
WIPROLTD,WIPRO,1500,1500,1500
ZEEENTERTAINMENTENTLTD,ZEEL,3000,3000,3000
ZYDUSLIFESCIENCESLTD,ZYDUSLIFE,900,900,900
HINDUSTANUNILEVERLTD.,HINDUNILVR,300,300,300
VODAFONEIDEALIMITED,IDEA,80000,80000,80000
HAVELLSINDIALIMITED,HAVELLS,500,500,500
IPCALABORATORIESLTD,IPCALAB,650,650,650
LICHOUSINGFINANCELTD,LICHSGFIN,2000,2000,2000
THEINDIACEMENTSLIMITED,INDIACEM,2900,2900,2900
LTIMINDTREELIMITED,LTIM,150,150,150
ITCLTD,ITC,1600,1600,1600
AUSMALLFINANCEBANKLTD,AUBANK,1000,1000,1000
AUROBINDOPHARMALTD,AUROPHARMA,1100,1100,1100
BATAINDIALTD,BATAINDIA,375,375,375
BERGERPAINTS(I)LTD,BERGEPAINT,1320,1320,1320
JSWSTEELLIMITED,JSWSTEEL,675,675,675
BHARTIAIRTELLIMITED,BHARTIARTL,950,950,950
BHEL,BHEL,5250,5250,5250
DR.REDDYSLABORATORIES,DRREDDY,125,125,125
HDFCAMCLIMITED,HDFCAMC,300,300,300
HINDUSTANPETROLEUMCORP,HINDPETRO,2700,2700,2700
ICICIBANKLTD.,ICICIBANK,700,700,700
THEINDIANHOTELSCO.LTD,INDHOTEL,2000,2000,2000
SHREECEMENTLIMITED,SHREECEM,25,25,25
JUBILANTFOODWORKSLTD,JUBLFOOD,1250,1250,1250
MULTICOMMODITYEXCHANGE,MCX,400,400,400
MAHANAGARGASLTD.,MGL,800,800,800
TATASTEELLIMITED,TATASTEEL,5500,5500,5500
NAVINFLUORINEINT.LTD,NAVINFLUOR,150,150,150
ULTRATECHCEMENTLIMITED,ULTRACEMCO,100,100,100
PIINDUSTRIESLTD,PIIND,250,250,250
SYNGENEINTERNATIONALLTD,SYNGENE,1000,1000,1000
TECHMAHINDRALIMITED,TECHM,600,600,600
UPLLIMITED,UPL,1300,1300,1300
HINDALCOINDUSTRIESLTD,HINDALCO,1400,1400,1400
JKCEMENTLIMITED,JKCEMENT,250,250,250
DIVISLABORATORIESLTD,DIVISLAB,200,200,200
ESCORTSKUBOTALIMITED,ESCORTS,275,275,275
POWERGRIDCORP.LTD.,POWERGRID,3600,3600,3600
VOLTASLTD,VOLTAS,600,600,600
ATULLTD,ATUL,75,75,75
HINDUSTANAERONAUTICSLTD,HAL,300,300,300
OILANDNATURALGASCORP.,ONGC,3850,3850,3850
PETRONETLNGLIMITED,PETRONET,3000,3000,3000
HEROMOTOCORPLIMITED,HEROMOTOCO,300,300,300
ICICILOMBARDGICLIMITED,ICICIGI,500,500,500
VEDANTALIMITED,VEDL,2300,2300,2300
